City_ID,City,Country,Lat,Lng,Max Temp,Humidity,Cloudiness,Wind Speed,Description
0,Benghazi,LY,32.1167,20.0667,65.03,66,0,10.2,clear sky
1,Severo-Kurilsk,RU,50.6789,156.125,43.57,86,100,10.67,overcast clouds
2,Bloemhof,ZA,-27.6469,25.607,49.24,80,96,10.51,light rain
3,Codrington,AU,-38.2667,141.9667,51.98,73,7,7.38,clear sky
4,Port Elizabeth,ZA,-33.918,25.5701,56.32,99,100,6.91,light rain
5,Punta Arenas,CL,-53.15,-70.9167,42.91,93,100,6.91,overcast clouds
6,Hilo,US,19.7297,-155.09,89.28,77,75,13.8,broken clouds
7,Port Alfred,ZA,-33.5906,26.891,61.74,68,100,3.8,overcast clouds
8,Kasrawad,IN,22.1333,75.6,83.91,58,0,18.48,clear sky
9,Sibolga,ID,1.7427,98.7792,77.4,88,81,2.48,broken clouds
10,Atuona,PF,-9.8,-139.0333,77.54,66,0,9.35,clear sky
11,Busselton,AU,-33.65,115.3333,56.75,75,2,9.06,clear sky
12,Yar-Sale,RU,66.8333,70.8333,32.63,90,100,18.9,light snow
13,Cayenne,GF,4.9333,-52.3333,75.09,1,20,0.0,few clouds
14,Banda Aceh,ID,5.5577,95.3222,81.0,80,100,10.63,overcast clouds
15,Victoria,HK,22.2855,114.1577,80.96,79,36,3.0,scattered clouds
16,Albany,US,42.6001,-73.9662,71.89,74,94,1.01,overcast clouds
17,Forrest City,US,35.0081,-90.7898,83.88,55,0,15.66,clear sky
18,Cherskiy,RU,68.75,161.3,55.53,41,10,14.47,clear sky
19,Vardo,NO,70.3705,31.1107,35.58,80,100,21.85,overcast clouds
20,Saint-Philippe,RE,-21.3585,55.7679,71.19,84,39,10.92,light rain
21,Bethel,US,41.3712,-73.414,65.17,89,100,5.75,overcast clouds
22,Chuy,UY,-33.6971,-53.4616,50.27,81,36,6.51,scattered clouds
23,Westport,US,41.1415,-73.3579,66.43,96,75,1.99,broken clouds
24,Mataura,NZ,-46.1927,168.8643,46.47,90,98,14.5,light rain
25,Barrow,US,71.2906,-156.7887,32.02,93,100,12.66,overcast clouds
26,Hermanus,ZA,-34.4187,19.2345,57.79,71,73,4.47,broken clouds
27,Bambanglipuro,ID,-7.95,110.2833,77.23,89,100,2.06,overcast clouds
28,Rikitea,PF,-23.1203,-134.9692,73.89,78,78,7.85,light rain
29,Faanui,PF,-16.4833,-151.75,80.37,70,17,6.85,light rain
30,Sicuani,PE,-14.2694,-71.2261,46.27,47,78,3.8,broken clouds
31,Jamestown,US,42.097,-79.2353,74.79,83,0,12.66,clear sky
32,Hobyo,SO,5.3505,48.5268,78.98,85,91,25.19,overcast clouds
33,Ponta Do Sol,PT,32.6667,-17.1,66.83,82,37,2.1,scattered clouds
34,Chokurdakh,RU,70.6333,147.9167,34.2,100,98,5.5,overcast clouds
35,Kaoma,ZM,-14.7833,24.8,59.65,57,12,2.84,few clouds
36,Ormara,PK,25.2088,64.6357,81.46,93,7,13.15,clear sky
37,Torbay,CA,47.6666,-52.7314,46.76,76,100,5.08,overcast clouds
38,Ushuaia,AR,-54.8,-68.3,42.46,81,75,2.3,broken clouds
39,Yellowknife,CA,62.456,-114.3525,53.51,29,73,11.68,broken clouds
40,Hobart,AU,-42.8794,147.3294,48.25,94,75,12.66,broken clouds
41,Norman Wells,CA,65.282,-126.8329,56.84,49,97,13.33,light rain
42,New Norfolk,AU,-42.7826,147.0587,47.91,86,11,2.01,few clouds
43,Esperance,AU,-33.8667,121.9,62.94,68,63,5.64,broken clouds
44,Tasiilaq,GL,65.6145,-37.6368,35.76,73,13,4.0,few clouds
45,Airai,TL,-8.9266,125.4092,67.89,60,61,4.85,broken clouds
46,Mar Del Plata,AR,-38.0023,-57.5575,55.94,72,0,10.36,clear sky
47,Alice Springs,AU,-23.7,133.8833,54.95,67,26,0.0,scattered clouds
48,Kaitangata,NZ,-46.2817,169.8464,46.31,80,80,21.65,broken clouds
49,Margate,GB,51.3813,1.3862,52.88,89,34,3.0,scattered clouds
50,Mawlaik,MM,23.6333,94.4167,74.91,95,62,1.03,broken clouds
51,Nanortalik,GL,60.1432,-45.2371,37.26,84,22,4.83,few clouds
52,Pevek,RU,69.7008,170.3133,33.37,97,80,4.27,broken clouds
53,Te Anau,NZ,-45.4167,167.7167,45.63,81,100,5.97,overcast clouds
54,Charlestown,AU,-32.95,151.6667,62.11,95,73,1.01,moderate rain
55,Marihatag,PH,8.7936,126.2969,82.22,77,99,4.29,overcast clouds
56,Tuktoyaktuk,CA,69.4541,-133.0374,33.69,94,98,4.5,overcast clouds
57,Cidreira,BR,-30.1811,-50.2056,55.35,80,0,3.98,clear sky
58,Warmbad,NA,-28.45,18.7333,44.65,81,6,14.25,clear sky
59,Cooma,AU,-36.2333,149.1333,46.17,100,40,1.14,scattered clouds
60,Seda,LV,57.65,25.75,45.05,96,100,12.46,overcast clouds
61,Saint George,US,37.1041,-113.5841,73.99,12,0,14.97,clear sky
62,Kapaa,US,22.0752,-159.319,80.92,80,20,13.8,few clouds
63,Korhogo,CI,9.45,-5.6333,77.22,76,39,8.72,scattered clouds
64,Kushiro,JP,42.975,144.3747,56.71,75,6,5.95,clear sky
65,Rocha,UY,-34.4833,-54.3333,47.84,86,26,5.79,scattered clouds
66,Butaritari,KI,3.0707,172.7902,81.12,73,58,15.73,broken clouds
67,Kingaroy,AU,-26.5333,151.8333,57.24,100,100,5.75,moderate rain
68,Bluff,NZ,-46.6,168.3333,46.8,78,99,34.67,overcast clouds
69,Hasaki,JP,35.7333,140.8333,68.4,70,100,13.0,light rain
70,Sioux Lookout,CA,50.1001,-91.917,35.51,97,100,9.31,overcast clouds
71,Taltal,CL,-25.4,-70.4833,63.41,65,96,2.98,overcast clouds
72,Chara,RU,56.9064,118.2631,43.38,85,83,3.51,broken clouds
73,Viedma,AR,-40.8135,-62.9967,55.78,47,82,11.05,broken clouds
74,Narsaq,GL,60.9167,-46.05,46.62,77,13,2.8,few clouds
75,Flinders,AU,-34.5833,150.8552,60.26,89,95,8.1,overcast clouds
76,Nikolskoye,RU,59.7035,30.7861,42.69,76,92,5.57,overcast clouds
77,Yangambi,CD,0.8102,24.4336,69.84,100,100,0.96,overcast clouds
78,Bolshevik,BY,54.0065,27.5692,55.02,96,96,9.42,overcast clouds
79,Prince Rupert,CA,54.3161,-130.3201,48.29,87,100,8.05,mist
80,Ratnagiri,IN,16.9833,73.3,78.19,87,100,5.28,overcast clouds
81,Jardim,BR,-21.4803,-56.1381,54.16,59,0,3.94,clear sky
82,Rorvik,NO,64.8621,11.2373,48.09,84,84,10.13,broken clouds
83,Half Moon Bay,US,37.4636,-122.4286,79.25,51,0,25.32,haze
84,Anadyr,RU,64.75,177.4833,36.25,88,95,4.25,overcast clouds
85,Port Hedland,AU,-20.3167,118.5667,75.25,100,14,4.61,few clouds
86,Rey Bouba,CM,8.6724,14.1786,80.01,69,97,3.22,overcast clouds
87,Isangel,VU,-19.55,169.2667,79.97,83,83,24.63,broken clouds
88,Vaini,TO,-21.2,-175.2,82.56,69,20,6.91,few clouds
89,Pangai,TO,-19.8,-174.35,78.3,79,95,16.75,overcast clouds
90,Khatanga,RU,71.9667,102.5,36.14,81,100,10.94,overcast clouds
91,Kapit,MY,2.0167,112.9333,75.94,96,96,0.96,overcast clouds
92,Cape Town,ZA,-33.9258,18.4232,54.12,87,58,5.44,broken clouds
93,Qaanaaq,GL,77.484,-69.3632,14.05,89,37,2.57,scattered clouds
94,Itoman,JP,26.1247,127.6694,77.4,88,75,14.97,broken clouds
95,Kavaratti,IN,10.5669,72.642,82.36,80,90,13.67,overcast clouds
96,Houston,US,29.7633,-95.3633,90.3,69,0,28.77,clear sky
97,Bambous Virieux,MU,-20.3428,57.7575,75.22,83,40,8.05,scattered clouds
98,Hofn,IS,64.2539,-15.2082,47.19,95,100,12.73,light rain
99,Kavieng,PG,-2.5744,150.7967,83.55,74,79,10.85,light rain
100,North Bend,US,43.4065,-124.2243,63.25,77,0,27.63,clear sky
101,Puerto Del Rosario,ES,28.5004,-13.8627,67.75,73,0,14.97,clear sky
102,Castro,BR,-24.7911,-50.0119,44.22,85,0,3.24,clear sky
103,Tautira,PF,-17.7333,-149.15,79.12,73,12,7.65,light rain
104,Iqaluit,CA,63.7506,-68.5145,30.76,95,94,10.85,overcast clouds
105,Noumea,NC,-22.2763,166.4572,80.58,99,100,18.79,overcast clouds
106,Kodiak,US,57.79,-152.4072,45.91,81,100,18.41,overcast clouds
107,Saskylakh,RU,71.9167,114.0833,31.35,91,100,6.17,overcast clouds
108,Lasa,IT,46.6166,10.7002,60.37,85,98,3.04,overcast clouds
109,Vanimo,PG,-2.6741,141.3028,83.05,75,42,6.58,scattered clouds
110,Cockburn Town,TC,21.4612,-71.1419,79.93,87,100,20.8,overcast clouds
111,Ilulissat,GL,69.2167,-51.1,35.62,75,40,0.0,scattered clouds
112,Baykit,RU,61.67,96.37,53.4,76,41,3.83,scattered clouds
113,Nizwa,OM,22.9333,57.5333,82.85,28,11,0.96,few clouds
114,Awjilah,LY,29.1081,21.2869,66.02,36,0,11.72,clear sky
115,Geraldton,AU,-28.7667,114.6,54.01,94,0,11.5,clear sky
116,Kokoda,PG,-8.8785,147.7407,81.91,78,40,3.89,scattered clouds
117,Olafsvik,IS,64.8945,-23.7142,46.89,89,100,7.43,overcast clouds
118,Ilhabela,BR,-23.7781,-45.3581,61.79,83,13,2.93,few clouds
119,Cochrane,CA,51.1834,-114.4687,47.53,63,100,15.68,overcast clouds
120,Santa Maria,BR,-29.6842,-53.8069,49.51,85,0,4.0,clear sky
121,Gondanglegi,ID,-7.7479,112.0132,75.22,91,100,3.56,overcast clouds
122,Mahebourg,MU,-20.4081,57.7,75.25,83,40,8.05,scattered clouds
123,Booue,GA,-0.0921,11.9385,73.15,98,100,3.18,light rain
124,Waipawa,NZ,-41.4122,175.5153,54.9,61,1,16.42,clear sky
125,Quatre Cocos,MU,-20.2078,57.7625,75.09,66,70,15.75,broken clouds
126,Broome,US,42.2506,-75.833,72.19,77,100,7.0,overcast clouds
127,Dingzhou,CN,38.5131,114.9956,77.92,34,0,7.31,clear sky
128,Bubaque,GW,11.2833,-15.8333,78.91,80,21,16.87,few clouds
129,Avarua,CK,-21.2078,-159.775,82.45,65,75,6.91,broken clouds
130,Kez,RU,57.8979,53.7152,33.67,87,85,7.63,overcast clouds
131,Yelizovo,RU,53.1873,158.3805,41.14,100,100,8.95,overcast clouds
132,Campana,AR,-34.1687,-58.9591,56.1,79,5,5.64,clear sky
133,Kilis,TR,36.7161,37.115,57.43,35,0,4.59,clear sky
134,Alta Floresta,BR,-9.8756,-56.0861,66.36,66,74,2.44,broken clouds
135,Xianshuigu,CN,38.985,117.3828,73.4,56,0,6.71,clear sky
136,Chalon-Sur-Saone,FR,46.7833,4.85,60.15,95,71,4.29,broken clouds
137,Khorixas,NA,-20.3667,14.9667,46.02,48,0,5.61,clear sky
138,Bathsheba,BB,13.2167,-59.5167,81.21,78,40,20.71,scattered clouds
139,San Patricio,US,28.017,-97.5169,86.72,70,42,21.9,scattered clouds
140,Parnamirim,BR,-5.9156,-35.2628,82.29,83,40,8.05,light rain
141,Namibe,AO,-15.1961,12.1522,66.25,68,30,8.61,scattered clouds
142,Bodden Town,KY,19.2833,-81.25,82.99,77,20,13.8,few clouds
143,Evensk,RU,61.95,159.2333,44.06,68,76,16.35,broken clouds
144,Lososina,RU,48.9975,140.3106,43.47,93,100,5.82,overcast clouds
145,Kadaya,RU,50.9327,119.2911,59.79,33,35,8.32,scattered clouds
146,Provideniya,RU,64.3833,-173.3,48.54,55,30,9.08,scattered clouds
147,Tulun,RU,54.5611,100.5792,57.45,73,100,5.23,overcast clouds
148,Guerrero Negro,MX,27.9769,-114.0611,68.47,62,0,17.65,clear sky
149,Saldanha,ZA,-33.0117,17.9442,48.25,74,2,12.88,clear sky
150,Coahuayana,MX,18.7333,-103.6833,81.9,60,13,7.0,few clouds
151,Semme,FR,46.1963,1.5007,63.01,97,25,1.54,scattered clouds
152,Puerto Ayora,EC,-0.7393,-90.3518,72.55,97,33,1.01,scattered clouds
153,Bilibino,RU,68.0546,166.4372,41.41,77,14,2.33,few clouds
154,Bengkulu,ID,-3.8004,102.2655,76.32,84,78,3.8,broken clouds
155,Mastic Beach,US,40.7668,-72.8521,66.42,90,100,9.22,moderate rain
156,Cururupu,BR,-1.8283,-44.8683,72.9,97,74,1.32,broken clouds
157,Charters Towers,AU,-20.1,146.2667,67.75,76,73,13.73,broken clouds
158,Bad Mergentheim,DE,49.4925,9.7736,62.15,95,68,9.08,broken clouds
159,Clyde River,CA,70.4692,-68.5914,23.23,86,100,6.91,overcast clouds
160,Namtsy,RU,62.7161,129.6658,40.93,90,85,5.66,light rain
161,Kodinsk,RU,58.6881,99.1844,60.98,50,38,2.84,scattered clouds
162,Belmonte,BR,-15.8631,-38.8828,70.61,62,45,7.87,scattered clouds
163,Carnarvon,AU,-24.8667,113.6333,68.58,57,0,8.66,clear sky
164,Marystown,CA,47.1666,-55.1483,47.86,100,48,5.21,scattered clouds
165,East London,ZA,-33.0153,27.9116,61.65,72,100,9.69,light rain
166,Cabra,ES,37.4725,-4.4421,75.33,33,100,7.47,overcast clouds
167,Nemuro,JP,43.3236,145.575,48.78,89,2,9.42,clear sky
168,Richards Bay,ZA,-28.783,32.0377,67.17,88,56,11.56,light rain
169,Buala,SB,-8.145,159.5921,83.19,72,21,6.76,light rain
170,Prieska,ZA,-29.6641,22.7474,51.57,74,92,27.34,overcast clouds
171,Havre-Saint-Pierre,CA,50.2334,-63.5986,48.56,66,40,3.44,scattered clouds
172,Constitucion,CL,-35.3333,-72.4167,52.32,84,2,7.02,clear sky
173,Adrar,MR,20.5022,-10.0711,87.49,8,97,5.41,overcast clouds
174,Tuy Hoa,VN,13.0833,109.3,78.08,89,100,5.1,light rain
175,Aksu,CN,41.1231,80.2644,72.3,31,87,9.06,overcast clouds
176,Sosva,RU,59.1766,61.8558,32.83,92,68,2.46,broken clouds
177,Atar,MR,20.5169,-13.0499,86.23,21,81,5.86,broken clouds
178,Puerto Ayacucho,VE,5.6639,-67.6236,76.98,81,38,1.48,scattered clouds
179,Imbituba,BR,-28.24,-48.6703,54.09,97,0,3.49,clear sky
180,Vestmannaeyjar,IS,63.4427,-20.2734,49.8,82,100,3.36,overcast clouds
181,Arraial Do Cabo,BR,-22.9661,-42.0278,68.43,73,22,9.66,few clouds
182,Lao Cai,VN,22.4833,103.95,73.83,100,100,0.56,overcast clouds
183,Pochutla,MX,15.7432,-96.4661,84.81,49,41,10.74,scattered clouds
184,Diamantino,BR,-14.4086,-56.4461,58.32,51,22,1.74,few clouds
185,Longyearbyen,SJ,78.2186,15.6401,33.64,80,75,10.36,broken clouds
186,Moyale,KE,3.5167,39.0584,64.36,87,87,6.42,overcast clouds
187,Fortuna,US,40.5982,-124.1573,59.94,70,0,20.71,clear sky
188,Muisne,EC,0.6,-80.0333,77.59,86,96,6.11,overcast clouds
189,Moose Factory,CA,51.2585,-80.6094,60.8,88,75,17.27,broken clouds
190,Avera,US,33.194,-82.5271,85.51,50,94,5.01,overcast clouds
191,Sibu,MY,2.3,111.8167,75.51,94,40,3.44,scattered clouds
192,Tiarei,PF,-17.5333,-149.3333,86.02,71,7,6.04,light rain
193,Ancud,CL,-41.8697,-73.8203,52.12,93,99,17.2,moderate rain
194,Camana,PE,-16.6228,-72.7111,65.59,82,77,7.83,broken clouds
195,Palmer,US,42.1584,-72.3287,68.58,76,75,11.5,broken clouds
196,Caxito,AO,-8.5785,13.6643,66.78,98,1,2.26,clear sky
197,Sarankhola,BD,22.3082,89.7897,82.92,85,13,7.16,few clouds
198,Homer,US,59.6425,-151.5483,61.77,43,0,3.44,clear sky
199,Shilka,RU,51.85,116.0333,62.91,31,13,4.23,few clouds
200,Vagur,FO,61.4732,-6.8119,47.82,94,100,14.18,overcast clouds
201,Pozoblanco,ES,38.3791,-4.8483,70.72,35,100,3.47,overcast clouds
202,Victor Harbor,AU,-35.5667,138.6167,54.48,66,59,9.17,broken clouds
203,Luoyang,CN,34.6836,112.4536,73.54,44,87,5.37,overcast clouds
204,Lompoc,US,34.6391,-120.4579,72.79,64,0,14.97,clear sky
205,Bijar,IR,35.8668,47.6051,50.27,35,46,7.23,scattered clouds
206,Batagay-Alyta,RU,67.8006,130.4114,31.73,85,88,2.3,overcast clouds
207,Rabo De Peixe,PT,37.8,-25.5833,64.27,85,20,3.44,few clouds
208,Atambua,ID,-9.1061,124.8925,78.03,68,69,3.89,broken clouds
209,Alamosa,US,37.4695,-105.87,71.58,15,20,25.32,few clouds
210,Mahajanga,MG,-15.7167,46.3167,71.62,83,20,5.75,few clouds
211,Huilong,CN,31.8111,121.655,70.93,77,32,6.49,scattered clouds
212,Puerto Carreno,CO,6.189,-67.4859,80.71,68,46,2.77,scattered clouds
213,Karachi,PK,24.9056,67.0822,84.02,79,40,16.11,smoke
214,Luena,AO,-11.7833,19.9167,57.72,61,0,2.3,clear sky
215,Kasangulu,CD,-4.5911,15.1708,72.23,88,100,3.04,overcast clouds
216,Kieta,PG,-6.2167,155.6333,84.13,69,24,4.83,few clouds
217,Kropotkin,RU,45.4375,40.5756,51.87,80,66,16.11,broken clouds
218,Solnechnyy,RU,50.7214,136.6319,44.96,98,100,2.84,overcast clouds
219,Dikson,RU,73.5069,80.5464,27.43,89,100,6.2,overcast clouds
220,Kyshtovka,RU,56.555,76.6271,45.46,79,74,6.31,broken clouds
221,Georgetown,MY,5.4112,100.3354,82.33,88,20,3.44,few clouds
222,Lavrentiya,RU,65.5833,-171.0,36.05,95,32,8.14,scattered clouds
223,Lebu,CL,-37.6167,-73.65,51.13,91,15,7.02,few clouds
224,Douglas,US,41.3,-96.167,65.59,42,100,14.97,overcast clouds
225,Kruisfontein,ZA,-34.0033,24.7314,53.89,85,96,4.07,light rain
226,Ritchie,ZA,-29.038,24.6028,47.41,87,91,19.8,overcast clouds
227,Vila Velha,BR,-20.3297,-40.2925,67.95,77,20,3.44,few clouds
228,Samandag,TR,36.0842,35.9771,55.92,38,0,7.65,clear sky
229,Tabou,CI,4.423,-7.3528,77.85,86,100,8.34,overcast clouds
230,La Romana,DO,18.4273,-68.9728,80.96,83,20,0.0,few clouds
231,Sabzevar,IR,36.2126,57.6819,69.08,26,0,13.8,clear sky
232,Humberto De Campos,BR,-2.5983,-43.4611,75.04,89,54,1.48,broken clouds
233,Upernavik,GL,72.7868,-56.1549,23.2,90,74,9.62,broken clouds
234,Nizhnyaya Poyma,RU,56.1622,97.1933,60.4,54,85,6.04,overcast clouds
235,Dawlatabad,AF,36.4141,64.9053,72.81,24,1,2.93,clear sky
236,Stephenville,US,32.2207,-98.2023,95.79,40,0,20.71,clear sky
237,Morehead,US,37.2711,-87.1764,83.95,57,0,13.8,clear sky
238,Acarau,BR,-2.8856,-40.12,77.86,83,64,5.01,broken clouds
239,Bredasdorp,ZA,-34.5322,20.0403,50.27,82,8,5.7,clear sky
240,Fort Nelson,CA,58.8053,-122.7002,60.39,16,40,3.44,scattered clouds
241,Korla,CN,41.7597,86.1469,73.9,21,32,11.54,scattered clouds
242,Kapchorwa,UG,1.3965,34.4509,56.75,88,90,3.8,overcast clouds
243,Comodoro Rivadavia,AR,-45.8667,-67.5,57.06,44,0,21.85,clear sky
244,Methoni,GR,36.8197,21.7049,62.22,50,0,3.18,clear sky
245,Champerico,GT,14.3,-91.9167,82.94,70,100,6.91,overcast clouds
246,Zhezkazgan,KZ,47.8043,67.7144,59.65,36,57,8.61,broken clouds
247,Port-Cartier,CA,50.0334,-66.8654,49.75,76,82,4.38,broken clouds
248,Finschhafen,PG,-6.6024,147.8681,84.49,66,28,7.94,scattered clouds
249,Herat,AF,34.5,62.0,65.97,28,0,5.08,clear sky
250,Alofi,NU,-19.0595,-169.9187,76.89,94,20,8.05,few clouds
251,Beyneu,KZ,45.3167,55.2,58.03,67,90,16.11,overcast clouds
252,Gat,IL,31.61,34.7642,81.39,30,95,5.01,overcast clouds
253,Salalah,OM,17.0151,54.0924,84.29,79,75,5.75,broken clouds
254,Port Hardy,CA,50.6996,-127.4199,57.38,67,20,10.36,few clouds
255,Beder,DK,56.0602,10.2118,51.55,91,100,9.95,moderate rain
256,Istok,XK,42.7808,20.4875,55.38,51,46,3.67,scattered clouds
257,Fairbanks,US,64.8378,-147.7164,72.61,26,0,6.91,clear sky
258,Ati,TD,13.2154,18.3353,87.73,11,11,10.0,few clouds
259,Coquimbo,CL,-29.9533,-71.3436,58.73,88,0,2.3,clear sky
260,Palampur,IN,32.1167,76.5333,69.13,29,33,9.1,scattered clouds
261,Lavumisa,SZ,-27.31,31.892,62.47,98,34,3.53,moderate rain
262,Narrabri,AU,-30.3167,149.7833,63.75,58,95,11.12,overcast clouds
263,Ayame,CI,5.6083,-3.1563,74.84,97,100,2.28,overcast clouds
264,Santa Rita Do Passa Quatro,BR,-21.7103,-47.4781,44.6,65,0,2.39,clear sky
265,Mount Gambier,AU,-37.8333,140.7667,51.13,70,9,7.16,clear sky
266,Bedesa,ET,8.9,40.7833,62.33,73,77,5.26,broken clouds
267,College,US,64.8569,-147.8028,72.59,26,0,6.91,clear sky
268,Sun Valley,US,39.5963,-119.776,61.05,17,20,11.5,haze
269,Cassilandia,BR,-19.1133,-51.7342,53.46,56,0,2.55,clear sky
270,Port Lincoln,AU,-34.7333,135.8667,59.34,62,0,16.2,clear sky
271,Hualahuises,MX,24.8847,-99.6733,91.51,29,71,16.02,broken clouds
272,Kalabo,ZM,-14.97,22.6814,61.05,55,4,1.97,clear sky
273,Solano,US,38.2333,-121.9511,86.43,12,0,21.85,clear sky
274,Mankato,US,44.1636,-93.9994,62.69,60,40,18.41,scattered clouds
275,Kismayo,SO,-0.3582,42.5454,79.43,82,95,15.14,overcast clouds
276,Carnot,CF,4.9409,15.8665,68.95,98,99,0.63,overcast clouds
277,Dumas,US,35.8656,-101.9732,71.74,26,0,14.97,clear sky
278,Kimbe,PG,-5.5502,150.1429,87.13,62,8,1.05,clear sky
279,Padang,ID,-0.9492,100.3543,77.05,83,76,2.68,broken clouds
280,Tecoanapa,MX,16.5167,-98.75,83.16,58,87,11.25,overcast clouds
281,Mitu,CO,1.1983,-70.1733,69.96,99,66,1.57,broken clouds
282,Opuwo,NA,-18.0607,13.84,51.04,33,0,3.18,clear sky
283,Taree,AU,-31.9,152.4667,62.11,87,100,1.97,light rain
284,Awbari,LY,26.5921,12.7805,72.72,34,0,17.81,clear sky
285,Genhe,CN,50.7833,121.5167,57.31,44,32,6.38,scattered clouds
286,Kanata,CA,45.3159,-75.8985,77.04,64,100,8.05,overcast clouds
287,Marathon,US,44.9,-89.7668,63.93,40,0,12.66,clear sky
288,Sao Desiderio,BR,-12.3633,-44.9733,65.98,44,73,3.74,broken clouds
289,Souillac,MU,-20.5167,57.5167,73.78,83,40,8.05,scattered clouds
290,Cabo San Lucas,MX,22.8909,-109.9124,82.62,53,0,13.8,clear sky
291,Znamenskoye,RU,57.1281,73.8282,42.1,73,87,5.64,overcast clouds
292,Santa Fe,AR,-31.6333,-60.7,59.02,79,0,3.0,light rain
293,Calvinia,ZA,-31.4707,19.776,41.76,66,2,3.67,clear sky
294,Matagami,CA,49.7502,-77.6328,62.71,94,100,8.05,heavy intensity rain
295,Kouroussa,GN,10.65,-9.8833,79.23,70,83,6.73,broken clouds
296,At-Bashi,KG,41.1702,75.8106,50.09,92,100,2.42,moderate rain
297,Paso De Los Toros,UY,-32.8167,-56.5167,48.42,84,3,7.18,clear sky
298,Jalu,LY,29.0331,21.5482,65.84,35,0,12.71,clear sky
299,Ostrovnoy,RU,68.0531,39.5131,31.14,69,83,4.99,broken clouds
300,Abbeville,FR,50.1,1.8333,56.25,90,13,11.12,few clouds
301,Acapulco,MX,16.8634,-99.8901,82.22,61,40,12.66,scattered clouds
302,Nouadhibou,MR,20.931,-17.0347,67.98,88,37,20.71,scattered clouds
303,Amapa,BR,1.0,-52.0,70.3,100,100,2.26,overcast clouds
304,Pangoa,PE,-12.1167,-73.0,66.25,85,56,1.9,broken clouds
305,Fukue,JP,32.6881,128.8419,70.16,73,40,13.8,scattered clouds
306,Gawler,AU,-34.6,138.7333,60.48,68,72,11.99,broken clouds
307,Thompson,CA,55.7435,-97.8558,39.36,60,100,12.66,overcast clouds
308,La Ronge,CA,55.1001,-105.2842,52.05,16,75,18.41,broken clouds
309,Lorengau,PG,-2.0226,147.2712,83.71,77,99,9.42,moderate rain
310,Biloela,AU,-24.4167,150.5,61.38,94,100,17.76,light rain
311,Turka,UA,49.1541,23.0297,53.49,84,48,7.7,scattered clouds
312,Kargopol,RU,61.5071,38.9456,31.77,82,100,3.22,overcast clouds
313,San Antonio,US,29.4241,-98.4936,91.15,64,0,21.85,clear sky
314,Rio Gallegos,AR,-51.6226,-69.2181,35.65,93,20,6.91,few clouds
315,Tadine,NC,-21.55,167.8833,72.97,91,100,24.63,overcast clouds
316,Hami,CN,42.8,93.45,72.99,31,48,12.41,scattered clouds
317,Urumqi,CN,43.801,87.6005,67.15,37,0,4.47,clear sky
318,Coos Bay,US,43.3665,-124.2179,63.32,78,0,27.63,clear sky
319,Hithadhoo,MV,-0.6,73.0833,82.62,72,79,8.95,broken clouds
320,Alyangula,AU,-13.8483,136.4192,83.21,62,0,15.5,clear sky
321,Erenhot,CN,43.6475,111.9767,72.5,17,28,5.86,scattered clouds
322,Gornopravdinsk,RU,60.05,69.9,38.28,89,90,11.36,overcast clouds
323,San Quintin,MX,30.4833,-115.95,64.65,73,47,8.95,scattered clouds
324,Srednekolymsk,RU,67.45,153.6833,56.64,40,72,9.08,broken clouds
325,Muli,MV,2.9167,73.5667,83.75,74,27,11.48,scattered clouds
326,Kailua,US,21.4022,-157.7394,84.18,72,20,10.36,few clouds
327,Entre Rios,BR,-11.9419,-38.0844,71.01,73,99,4.94,overcast clouds
328,Kununurra,AU,-15.7667,128.7333,84.18,37,1,16.11,clear sky
329,Tezu,IN,27.9167,96.1667,69.08,94,85,2.82,overcast clouds
330,Tarakan,ID,3.3,117.6333,81.9,89,20,4.61,few clouds
331,Coihaique,CL,-45.5752,-72.0662,46.35,71,75,5.75,light intensity shower rain
332,Kolosovka,RU,56.4678,73.611,44.55,69,78,6.11,broken clouds
333,Porto Novo,BJ,6.4965,2.6036,82.22,84,89,7.47,overcast clouds
334,Sitka,US,57.0531,-135.33,53.49,76,0,3.44,clear sky
335,Trairi,BR,-3.2778,-39.2689,76.55,87,85,4.18,overcast clouds
336,Kinel,RU,53.2333,50.65,42.04,87,57,11.68,broken clouds
337,Shah Alam,MY,3.0851,101.5328,80.31,89,20,2.3,few clouds
338,Sangar,RU,63.9242,127.4739,46.67,59,7,1.61,clear sky
339,Lorient,FR,47.8333,-3.25,58.89,86,73,2.3,broken clouds
340,Urusha,RU,54.05,122.9,55.11,41,52,9.19,broken clouds
341,Tabas,IR,33.5959,56.9244,79.95,14,3,5.93,clear sky
342,Crawfordsville,US,40.0411,-86.8745,82.63,29,0,16.11,clear sky
343,Aswan,EG,24.0934,32.907,84.24,16,0,13.42,clear sky
344,Wilmington,US,34.2257,-77.9447,82.31,68,0,13.8,clear sky
345,Batemans Bay,AU,-35.7167,150.1833,59.09,74,80,6.26,broken clouds
346,Tual,ID,-5.6667,132.75,84.09,68,23,20.45,few clouds
347,Balkanabat,TM,39.5108,54.3671,63.21,59,99,19.6,light rain
348,Keti Bandar,PK,24.1447,67.4497,81.37,87,9,19.1,clear sky
349,Mufumbwe,ZM,-13.6833,24.8,63.09,55,17,2.08,few clouds
350,Porto Nacional,BR,-10.7081,-48.4172,69.8,51,87,1.77,overcast clouds
351,Nome,US,64.5011,-165.4064,65.16,34,0,19.57,clear sky
352,Sobolevo,RU,54.4299,31.8996,46.78,95,100,14.36,overcast clouds
353,Udachnyy,RU,66.4167,112.4,41.45,69,100,0.29,overcast clouds
354,Kahului,US,20.8947,-156.47,89.62,48,75,14.97,broken clouds
355,Oranjemund,NA,-28.55,16.4333,52.11,87,1,4.27,clear sky
356,Hastings,GB,50.8552,0.5729,57.18,92,38,14.65,scattered clouds
357,Marsaxlokk,MT,35.8419,14.5431,66.07,88,0,4.61,clear sky
358,Havre,FR,49.5833,0.3333,55.17,88,0,9.22,clear sky
359,Ribeira Grande,PT,38.5167,-28.7,63.81,98,100,10.13,moderate rain
360,Dalbandin,PK,28.8947,64.4101,78.42,15,0,6.51,clear sky
361,Pangnirtung,CA,66.1451,-65.7125,32.92,91,100,2.91,overcast clouds
362,Whitehorse,CA,60.7161,-135.0538,59.02,38,75,4.61,broken clouds
363,Hambantota,LK,6.1241,81.1185,79.14,100,20,6.91,few clouds
364,Tura,IN,25.5198,90.2201,70.83,96,64,4.12,light rain
365,Hovd,MN,48.0056,91.6419,57.36,47,2,4.21,clear sky
366,Mutsu,JP,41.2894,141.2169,68.14,47,85,1.9,overcast clouds
367,Esmeraldas,BR,-19.7625,-44.3139,60.04,63,0,2.73,clear sky
368,Malatya,TR,38.5,38.0,41.05,65,0,3.44,clear sky
369,Cabo Rojo,PR,18.0866,-67.1457,82.98,78,50,5.68,scattered clouds
370,Inuvik,CA,68.3499,-133.7218,52.56,46,75,9.22,broken clouds
371,Seoul,KR,37.5683,126.9778,69.19,68,40,6.91,scattered clouds
372,Maniitsoq,GL,65.4167,-52.9,36.59,64,99,4.12,overcast clouds
373,Tyup,KG,42.7276,78.3648,52.34,79,97,1.43,overcast clouds
374,Ndioum,SN,16.5129,-14.6471,80.49,28,66,14.81,broken clouds
375,Hvide Sande,DK,56.0045,8.1294,49.08,80,100,5.57,overcast clouds
376,Ouargaye,BF,11.5033,0.0572,85.44,47,69,11.16,broken clouds
377,Gayny,RU,60.3071,54.3241,34.25,94,100,5.21,overcast clouds
378,Walvis Bay,NA,-22.9575,14.5053,52.75,71,0,3.44,clear sky
379,North Myrtle Beach,US,33.816,-78.68,84.34,84,0,19.57,clear sky
380,Ambikapur,IN,23.1167,83.2,80.2,41,3,6.51,clear sky
381,Kaeo,NZ,-35.1,173.7833,61.32,69,89,10.54,overcast clouds
382,Bandarbeyla,SO,9.4942,50.8122,79.66,83,97,21.3,overcast clouds
383,Yulara,AU,-25.2406,130.9889,59.72,52,83,10.83,broken clouds
384,San Cristobal,VE,7.7669,-72.225,75.38,87,54,2.89,broken clouds
385,Gizo,SB,-8.103,156.8419,84.74,67,4,6.96,clear sky
386,Olinda,BR,-8.0089,-34.8553,76.73,83,75,4.61,broken clouds
387,Zeya,RU,53.75,127.2667,57.24,47,20,8.03,few clouds
388,Rasulnagar,PK,32.3285,73.7814,81.39,30,40,8.61,scattered clouds
389,Ambilobe,MG,-13.2,49.05,68.85,83,13,3.85,few clouds
390,Los Llanos De Aridane,ES,28.6585,-17.9182,64.15,87,0,7.0,clear sky
391,Chandler,US,33.3062,-111.8412,97.45,12,0,26.46,clear sky
392,Sao Filipe,CV,14.8961,-24.4956,73.38,75,51,9.22,broken clouds
393,Watertown,US,42.3709,-71.1828,66.96,80,0,14.97,clear sky
394,Umm Kaddadah,SD,13.6017,26.6876,82.51,11,5,15.93,clear sky
395,Fairview,US,40.8126,-73.999,66.2,91,75,8.05,mist
396,Lokosovo,RU,61.1333,74.8167,39.72,84,79,13.69,light rain
397,Suzaka,JP,36.65,138.3167,60.12,92,100,1.01,light rain
398,Terney,RU,45.0503,136.6092,54.79,76,52,5.32,broken clouds
399,Sakti,IN,22.0333,82.9667,84.76,42,4,5.06,clear sky
400,Husavik,IS,66.0449,-17.3389,48.79,73,80,5.82,broken clouds
401,Telimele,GN,10.9167,-13.3333,74.68,87,91,4.52,light rain
402,Najran,SA,17.4924,44.1277,74.05,15,4,2.53,clear sky
403,Talnakh,RU,69.4865,88.3972,42.21,80,100,9.04,overcast clouds
404,Jiehu,CN,35.5428,118.455,77.18,37,17,3.56,few clouds
405,Gurupa,BR,-1.405,-51.64,71.6,98,100,1.77,overcast clouds
406,Lagoa,PT,39.05,-27.9833,62.11,95,100,12.71,overcast clouds
407,Ust-Ordynskiy,RU,52.805,104.7508,62.15,77,98,8.12,overcast clouds
408,Marawi,PH,7.9986,124.2928,71.96,92,100,2.35,overcast clouds
409,Pacific Grove,US,36.6177,-121.9166,73.45,61,0,11.01,clear sky
410,Xining,CN,36.6167,101.7667,54.99,63,100,1.57,overcast clouds
411,Segezha,RU,63.7415,34.3222,31.41,78,80,4.65,broken clouds
412,Launceston,AU,-41.45,147.1667,50.14,84,40,4.61,scattered clouds
413,Hammerfest,NO,70.6634,23.6821,39.65,75,20,2.3,few clouds
414,Knysna,ZA,-34.0363,23.0471,56.12,83,79,4.92,broken clouds
415,Carutapera,BR,-1.195,-46.02,73.63,94,98,4.14,overcast clouds
416,Chernyshevskiy,RU,63.0128,112.4714,49.91,70,86,2.51,overcast clouds
417,Katsuura,JP,35.1333,140.3,65.93,79,100,12.64,moderate rain
418,Tsaratanana,MG,-16.7833,47.65,68.56,78,51,11.21,broken clouds
419,Muncar,ID,-8.4333,114.3333,77.83,89,95,1.66,overcast clouds
420,Leningradskiy,RU,69.3833,178.4167,33.82,98,41,8.84,scattered clouds
421,Alvaraes,BR,-3.2208,-64.8042,71.82,89,38,1.01,scattered clouds
422,Hare Bay,CA,48.8499,-54.0148,49.35,75,34,2.91,scattered clouds
423,Churapcha,RU,62.0025,132.4325,46.22,71,96,7.78,overcast clouds
424,Kloulklubed,PW,7.0419,134.2556,81.1,79,92,10.25,moderate rain
425,Klaksvik,FO,62.2266,-6.589,49.12,97,100,16.35,overcast clouds
426,Les Cayes,HT,18.2,-73.75,77.31,84,69,5.1,broken clouds
427,Manyana,BW,-23.4,21.7167,41.81,61,0,12.88,clear sky
428,Vostok,RU,46.4856,135.8833,68.94,39,68,5.93,broken clouds
429,Zambezi,ZM,-13.5432,23.1047,59.22,59,0,4.72,clear sky
430,Amot,NO,59.5714,7.9877,49.17,81,100,1.12,light rain
431,Dingle,PH,10.9995,122.6711,78.12,87,100,3.98,overcast clouds
432,San Ignacio,BZ,17.1561,-89.0714,89.74,58,20,6.91,few clouds
433,Rawson,AR,-43.3002,-65.1023,60.35,42,8,20.78,clear sky
434,Mantua,IT,45.1667,10.7833,70.84,77,29,1.72,scattered clouds
435,Tuymazy,RU,54.6067,53.7097,41.04,92,100,7.11,overcast clouds
436,Cap Malheureux,MU,-19.9842,57.6142,75.47,72,3,3.0,clear sky
437,Forest Grove,US,45.5198,-123.1107,62.19,59,75,3.0,broken clouds
438,Bosaso,SO,11.2842,49.1816,86.59,40,56,8.19,broken clouds
439,Nabire,ID,-3.3667,135.4833,82.99,72,17,0.54,few clouds
440,Dunedin,NZ,-45.8742,170.5036,50.81,56,81,28.01,broken clouds
441,Faya,SA,18.3851,42.4509,64.92,16,3,7.65,clear sky
442,La Orilla,MX,17.9833,-102.2333,80.38,64,62,11.34,broken clouds
443,Saint Anthony,US,45.0205,-93.218,62.65,53,100,18.41,overcast clouds
444,Beloomut,RU,54.9448,39.3394,35.47,76,97,2.21,overcast clouds
445,Labuhan,ID,-6.8844,112.2051,77.99,85,100,5.55,light rain
446,Poltavka,RU,54.3663,71.7632,52.11,60,99,13.65,overcast clouds
447,Dwarka,IN,22.2394,68.9678,81.82,78,3,19.95,clear sky
448,Poum,NC,-20.2333,164.0167,77.97,80,0,4.97,clear sky
449,Luderitz,NA,-26.6481,15.1594,51.08,73,0,10.22,clear sky
450,Morros,BR,-9.4467,-46.3003,71.55,46,20,4.9,few clouds
451,Naliya,IN,23.2667,68.8333,80.78,81,10,18.68,clear sky
452,Chupa,RU,66.27,33.0549,32.13,76,68,6.15,broken clouds
453,Lata,PT,40.1629,-8.3327,72.14,47,100,4.41,overcast clouds
454,Mehamn,NO,71.0357,27.8492,37.31,81,99,13.18,overcast clouds
455,Talcahuano,CL,-36.7167,-73.1167,51.48,100,9,3.44,clear sky
456,General Roca,AR,-39.0333,-67.5833,58.62,46,0,22.59,clear sky
457,Poshekhonye,RU,58.4993,39.1353,29.97,94,13,5.32,few clouds
458,Tessalit,ML,20.1986,1.0114,89.53,14,39,3.78,scattered clouds
459,Esmeralda,CU,21.8525,-78.1169,80.51,81,99,7.9,overcast clouds
460,Kargasok,RU,59.0556,80.8572,44.46,80,27,15.17,scattered clouds
461,Cap-Aux-Meules,CA,47.3821,-61.8597,51.85,62,20,5.75,few clouds
462,Bara,NG,10.3744,10.7288,81.77,64,55,12.59,broken clouds
463,Paamiut,GL,61.994,-49.6678,34.95,83,92,7.34,overcast clouds
464,Zubtsov,RU,56.1753,34.5894,37.67,74,100,6.91,overcast clouds
465,Zhigansk,RU,66.7697,123.3711,37.38,81,49,5.93,scattered clouds
466,Singapore,SG,1.2897,103.8501,82.31,87,75,1.14,haze
467,Oranjestad,AW,12.524,-70.027,82.35,74,20,20.71,few clouds
468,Banikoara,BJ,11.2985,2.4386,81.86,61,74,6.51,broken clouds
469,Karratha,AU,-20.7377,116.8463,76.96,67,57,5.06,broken clouds
470,Bursa,TR,40.1667,29.0833,39.24,52,0,4.05,clear sky
471,Harper,LR,4.375,-7.7169,77.9,85,100,8.63,overcast clouds
472,Krasnoselkup,RU,65.7,82.4667,46.63,75,99,10.63,overcast clouds
473,Nakamura,JP,32.9833,132.9333,58.89,97,100,8.32,light rain
474,Yeppoon,AU,-23.1333,150.7333,64.18,93,100,19.37,overcast clouds
475,Parkes,AU,-33.1333,148.1833,61.36,62,89,3.0,overcast clouds
476,Giyon,ET,8.5333,37.9833,62.37,43,95,0.96,overcast clouds
477,Beloha,MG,-25.1667,45.05,67.37,46,57,4.27,broken clouds
478,Chiliile,RO,45.4255,26.5936,56.8,70,51,7.09,broken clouds
479,Lundazi,ZM,-12.2929,33.1782,61.05,94,73,6.24,broken clouds
480,Strelka,RU,58.0728,93.0344,56.12,61,43,4.72,scattered clouds
481,Ozinki,RU,51.1786,49.6769,38.5,85,70,15.55,broken clouds
482,Beringovskiy,RU,63.05,179.3167,34.77,87,87,6.49,overcast clouds
483,Novikovo,RU,51.1537,37.8879,47.21,69,100,4.7,overcast clouds
484,Marzuq,YE,14.4,46.4667,75.09,25,39,4.5,scattered clouds
485,Padilla,CO,3.2204,-76.3139,72.97,94,98,2.91,light rain
486,Agar,IN,23.7,76.0167,80.85,59,0,20.22,clear sky
487,Moerai,PF,-22.4333,-151.3333,76.82,70,2,4.59,clear sky
488,North Platte,US,41.1239,-100.7654,53.49,45,75,15.99,broken clouds
489,Trelew,AR,-43.249,-65.3051,61.21,38,14,22.95,few clouds
490,Anandnagar,IN,27.1,83.2833,78.35,64,0,11.56,clear sky
491,Samarai,PG,-10.6167,150.6667,82.58,74,38,7.45,scattered clouds
492,Uenohara,JP,35.6167,139.1167,67.46,90,100,2.98,moderate rain
493,Monrovia,LR,6.3005,-10.7969,77.61,88,97,8.66,moderate rain
494,Svetlogorsk,BY,52.6333,29.7333,55.74,98,96,8.39,overcast clouds
495,Meulaboh,ID,4.1363,96.1285,77.09,87,95,4.09,overcast clouds
496,Petatlan,MX,17.5167,-101.2667,85.8,57,17,6.35,few clouds
497,Lamu,KE,-2.2717,40.902,80.82,84,72,11.45,broken clouds
498,Saint-Francois,FR,46.4154,3.9054,64.67,88,20,8.05,few clouds
499,Nyekladhaza,HU,47.9833,20.8333,61.3,85,73,3.98,broken clouds
500,Tazovskiy,RU,67.4667,78.7,35.37,98,100,3.94,light rain
501,Omvriaki,GR,39.1,22.2667,58.24,54,5,3.6,clear sky
502,Pareora,NZ,-44.4871,171.2132,52.27,41,1,4.54,clear sky
503,Tuatapere,NZ,-46.1333,167.6833,47.14,80,90,21.23,overcast clouds
504,Praya,CV,14.9215,-23.5087,70.34,83,20,16.11,few clouds
505,Siverek,TR,37.755,39.3167,50.85,49,0,7.11,clear sky
506,Mount Isa,AU,-20.7333,139.5,73.17,56,0,12.66,clear sky
507,Pisco,PE,-13.7,-76.2167,64.45,82,44,14.97,mist
508,Kemi,FI,65.8596,24.8228,38.97,87,0,2.3,clear sky
509,Aviles,ES,43.5547,-5.9248,64.38,94,100,6.91,overcast clouds
510,Nuuk,GL,64.1835,-51.7216,27.21,100,100,3.58,light snow
511,Mattru,SL,7.6244,-11.8332,75.02,97,100,2.84,overcast clouds
512,Tarauaca,BR,-8.1614,-70.7656,71.82,79,56,1.63,broken clouds
513,Saint-Georges,GD,12.0564,-61.7485,82.08,74,20,11.5,few clouds
514,Tayu,ID,-6.5397,111.0518,77.72,86,100,3.15,overcast clouds
515,Lovington,US,32.944,-103.3485,90.45,9,2,8.01,clear sky
516,Griffith,US,41.5284,-87.4237,84.06,59,40,17.27,scattered clouds
517,Aquidauana,BR,-20.4711,-55.7872,57.65,51,0,2.8,clear sky
518,Waingapu,ID,-9.6567,120.2641,82.45,71,72,13.62,broken clouds
519,Pontian Kecil,MY,1.4801,103.3899,79.12,82,34,1.07,scattered clouds
520,Miri,MY,4.4148,114.0089,80.74,89,20,5.75,few clouds
521,Balakhninskiy,RU,58.0106,114.2769,51.15,68,94,2.35,overcast clouds
522,Vila Franca Do Campo,PT,37.7167,-25.4333,65.19,86,99,4.56,overcast clouds
523,Mogadishu,SO,2.0371,45.3438,79.52,82,37,15.79,scattered clouds
524,China,MX,25.7,-99.2333,81.66,41,82,34.25,broken clouds
525,Nsanje,MW,-16.92,35.262,69.21,89,34,0.49,scattered clouds
526,Allende,MX,25.2833,-100.0167,91.42,31,73,13.49,broken clouds
527,Skjervoy,NO,70.0311,20.9714,39.2,72,22,9.91,few clouds
528,Kendari,ID,-3.945,122.4989,79.21,86,99,3.33,overcast clouds
529,Arvin,US,35.2091,-118.8284,81.41,34,8,9.55,clear sky
530,Boa Vista,BR,2.8197,-60.6733,78.78,78,75,8.05,broken clouds
531,Ha Giang,VN,22.8333,104.9833,71.92,99,100,1.43,light rain
532,Dawson Creek,CA,55.7666,-120.2362,51.44,28,40,2.3,scattered clouds
533,Aykhal,RU,66.0,111.5,37.4,86,100,2.06,overcast clouds
534,Sant Julia De Loria,AD,42.4625,1.4825,61.11,48,86,2.51,overcast clouds
535,Drumheller,CA,51.4617,-112.7101,51.13,34,100,14.97,overcast clouds
536,Ossora,RU,59.2353,163.0719,37.99,92,98,5.17,overcast clouds
537,Shenkursk,RU,62.1091,42.896,29.1,86,54,4.45,broken clouds
538,Haapiti,PF,-17.5667,-149.8667,85.73,69,14,4.97,light rain
539,Trincomalee,LK,8.5711,81.2335,81.14,79,49,20.51,scattered clouds
540,Hamilton,US,39.1834,-84.5333,84.56,61,0,14.97,clear sky
541,Vilhena,BR,-12.7406,-60.1458,64.62,63,0,5.75,clear sky
542,Rundu,NA,-17.9333,19.7667,47.41,23,8,7.56,clear sky
543,Port Augusta,AU,-32.5,137.7667,60.93,48,0,8.39,clear sky
544,Shuangyang,CN,43.5242,125.6736,73.4,43,99,9.89,overcast clouds
545,Koumac,NC,-20.5667,164.2833,81.19,73,52,11.63,broken clouds
546,Freeport,US,40.6576,-73.5832,66.4,86,100,10.36,mist
547,Kenai,US,60.5544,-151.2583,66.25,24,0,11.5,clear sky
548,Muros,ES,42.7762,-9.0603,65.08,73,52,9.35,broken clouds
549,Tiksi,RU,71.6872,128.8694,32.4,87,100,6.31,overcast clouds
550,Atikokan,CA,48.7555,-91.6216,38.34,92,100,8.95,overcast clouds
551,Sao Joao Da Barra,BR,-21.6403,-41.0511,66.29,80,0,9.82,clear sky
552,Kroya,ID,-7.6331,109.2461,77.02,90,100,2.66,overcast clouds
553,Wanaka,NZ,-44.7,169.15,50.11,66,6,3.0,clear sky
554,Santa Rosa,PH,14.3122,121.1114,85.08,76,72,0.29,broken clouds
555,Kayerkan,RU,69.3497,87.7602,41.52,100,66,9.71,broken clouds
556,Vrangel,RU,42.7297,133.0839,56.7,74,94,10.11,overcast clouds
557,Kamenka,RU,51.3223,42.7678,35.67,78,6,5.17,clear sky
558,Mnogovershinnyy,RU,53.9353,139.9242,44.85,62,100,6.42,overcast clouds
559,Hirado,JP,33.3597,129.5531,65.68,71,16,14.58,few clouds
560,Ishigaki,JP,24.3448,124.1572,77.13,83,75,11.5,broken clouds
561,Namatanai,PG,-3.6667,152.4333,84.94,66,23,5.44,few clouds
562,Bure,ET,10.7,37.0667,63.19,58,50,2.1,scattered clouds
563,Khilok,RU,51.3674,110.4676,71.28,29,42,2.37,scattered clouds
564,Dakar,SN,14.6937,-17.4441,72.48,94,20,18.41,few clouds
565,Desaguadero,PE,-16.5656,-69.0417,42.57,42,20,2.95,few clouds
566,Ampanihy,MG,-24.7,44.75,67.64,42,98,5.7,overcast clouds
567,Zyryanovsk,KZ,49.7386,84.2719,60.04,68,5,1.9,clear sky
568,Yizheng,CN,24.6706,103.4296,57.0,93,100,2.42,overcast clouds
569,Callaguip,PH,18.0714,120.4867,77.02,100,100,9.4,thunderstorm with rain
570,Sao Raimundo Nonato,BR,-9.0153,-42.6994,71.71,85,99,4.92,overcast clouds
571,Bydgoszcz,PL,53.1235,18.0076,60.62,75,75,2.3,light intensity shower rain
572,Ahuimanu,US,21.4447,-157.8378,83.91,72,20,10.36,few clouds
573,Stokmarknes,NO,68.5646,14.9108,44.58,93,100,8.05,overcast clouds
574,Hirara,JP,24.8,125.2833,77.27,78,75,17.27,broken clouds
575,Slave Lake,CA,55.2834,-114.769,51.78,46,40,8.05,scattered clouds
576,Teahupoo,PF,-17.8333,-149.2667,80.56,73,0,6.6,light rain
577,Narimanov,RU,46.6927,47.8498,49.91,82,8,12.59,clear sky
578,Burnie,AU,-41.0667,145.9167,57.94,71,69,2.84,broken clouds
579,Honiara,SB,-9.4333,159.95,85.8,66,19,5.77,few clouds
580,Laguna,US,38.421,-121.4238,83.28,13,0,20.71,clear sky
581,Kibala,TD,9.1104,18.3463,76.95,73,20,0.0,thunderstorm
582,Todos Santos,MX,23.45,-110.2167,65.44,74,0,9.31,clear sky
583,Oytal,KZ,42.9057,73.2697,64.18,66,100,4.34,overcast clouds
584,Abu Samrah,SY,35.3029,37.1841,63.19,29,0,6.53,clear sky
585,Kurilsk,RU,45.2333,147.8833,51.51,77,43,1.23,scattered clouds
586,Maine-Soroa,NE,13.2114,12.0241,85.3,16,99,9.31,overcast clouds
587,Kholmogory,RU,64.2229,41.656,28.92,75,100,4.74,overcast clouds
588,Pimenta Bueno,BR,-11.6725,-61.1936,63.3,70,72,1.83,broken clouds
589,Great Bend,US,38.3645,-98.7648,71.73,29,0,16.11,clear sky
590,Bayir,TR,37.2687,28.2167,50.52,59,0,2.64,clear sky
591,Rafraf,TN,37.1904,10.1837,66.51,75,9,9.37,clear sky
592,Duncan,US,34.5023,-97.9578,86.22,48,0,9.22,clear sky
593,Xuddur,SO,4.1213,43.8894,70.7,90,66,13.47,broken clouds
594,Dentsville,US,34.064,-80.9582,89.65,45,0,8.05,clear sky
595,Kholodnyy,RU,62.7167,147.95,39.02,70,100,4.27,overcast clouds
596,Svetlyy,RU,54.675,20.1347,46.45,96,100,2.73,overcast clouds
597,Cape Coast,GH,5.1053,-1.2466,78.71,86,100,8.16,moderate rain
598,Vallenar,CL,-28.5708,-70.7581,63.03,39,28,1.74,scattered clouds
599,Bud,US,39.447,-86.1758,85.95,57,2,15.23,clear sky
600,Sakaiminato,JP,35.55,133.2333,66.18,72,75,4.61,broken clouds
601,Buarcos,PT,40.166,-8.8768,66.54,57,100,4.94,overcast clouds
602,Rong Kwang,TH,18.339,100.3174,81.45,91,99,1.77,overcast clouds
603,Erzurum,TR,40.0,41.5,28.08,78,6,3.13,clear sky
604,Colac,AU,-38.3333,143.5833,54.18,67,0,4.38,clear sky
605,San Matias,BO,-16.3667,-58.4,57.63,53,53,3.11,broken clouds
606,Aneho,TG,6.2333,1.6,82.6,84,100,11.77,moderate rain
607,Saint-Joseph,RE,-21.3667,55.6167,68.38,81,17,11.3,few clouds
608,Ibra,OM,22.6906,58.5334,79.74,49,81,2.21,broken clouds
609,Abu Zabad,SD,12.35,29.25,84.16,50,10,14.45,clear sky
610,Palu,ID,-0.8917,119.8707,81.99,83,83,0.31,broken clouds
611,Prince Albert,CA,53.2001,-105.7677,44.55,45,100,12.66,overcast clouds
612,Pomabamba,PE,-8.8333,-77.4667,50.95,81,74,2.26,light rain
613,Pasighat,IN,28.0667,95.3333,73.24,91,71,0.96,broken clouds
614,Baker City,US,44.7749,-117.8344,58.59,40,20,10.36,few clouds
615,Arrecife,ES,28.963,-13.5477,66.18,77,20,12.66,few clouds
616,Bom Sucesso,BR,-21.0331,-44.7581,48.13,72,0,3.87,clear sky
617,Ketchikan,US,55.3422,-131.6461,66.67,37,20,8.05,few clouds
618,Addis Abeba,ET,9.025,38.7469,58.89,35,100,2.59,overcast clouds
619,Imeni Poliny Osipenko,RU,52.4201,136.4853,46.49,85,100,8.32,overcast clouds
620,Nan,TH,18.8333,100.6667,75.22,94,75,0.0,broken clouds
621,Notre-Dame-De-Gravenchon,FR,49.4894,0.5719,53.67,96,76,6.87,broken clouds
622,Zarnesti,RO,45.3,26.8667,57.61,63,0,5.88,clear sky
623,Qui Nhon,VN,13.7667,109.2333,79.74,83,100,3.44,overcast clouds
624,Mujiayingzi,CN,42.1167,118.7833,81.48,14,47,13.22,scattered clouds
625,Srednebelaya,RU,50.6594,128.0106,59.38,59,98,13.31,overcast clouds
626,Punta Alta,AR,-38.8759,-62.0736,53.2,55,3,11.05,clear sky
627,Rio Grande,BR,-32.035,-52.0986,43.95,76,15,6.85,few clouds
628,Virginia Beach,US,36.8529,-75.978,89.62,68,10,11.36,clear sky
629,Qandala,SO,11.472,49.8728,85.86,46,39,2.08,scattered clouds
630,Vicuna,CL,-30.0319,-70.7081,51.53,38,100,0.98,overcast clouds
631,Semey,KZ,50.4111,80.2275,53.82,66,0,4.47,clear sky
632,Chapais,CA,49.7834,-74.8492,56.98,73,100,18.16,overcast clouds
633,Careiro Da Varzea,BR,-3.2003,-59.8119,77.61,85,38,0.96,scattered clouds
634,Bela,IN,25.9333,81.9833,84.42,67,64,14.16,broken clouds
635,Lubliniec,PL,50.669,18.6844,70.29,96,100,7.9,overcast clouds
636,Dharmavaram,IN,14.4333,77.7167,75.09,70,100,17.83,overcast clouds
637,Komsomolskiy,UZ,40.4272,71.7189,63.32,67,61,2.3,broken clouds
638,Goderich,CA,43.7501,-81.7165,79.12,61,92,19.57,overcast clouds
639,Santa Cruz,BO,-17.8,-63.1667,62.06,67,17,4.61,few clouds
640,Touros,BR,-5.1989,-35.4608,78.04,86,89,6.02,overcast clouds
641,Tomatlan,MX,19.9333,-105.25,80.2,53,0,8.79,clear sky
642,Berlevag,NO,70.8578,29.0864,37.35,70,100,16.11,overcast clouds
643,Akyab,MM,20.15,92.9,83.16,80,100,4.52,overcast clouds
644,Russell,US,32.3502,-85.1999,80.2,65,53,4.61,broken clouds
645,Auki,SB,-8.7676,160.7034,81.97,78,97,4.97,overcast clouds
646,Bukama,CD,-9.2,25.85,69.55,68,30,2.33,scattered clouds
647,Matara,LK,5.9485,80.5353,77.59,91,83,8.57,broken clouds
648,Lancaster,US,40.2504,-76.2499,75.56,90,0,4.61,clear sky
649,Ciudad Bolivar,VE,8.1222,-63.5497,86.54,46,18,13.67,few clouds
650,Pathein,MM,16.7833,94.7333,81.72,82,99,12.44,heavy intensity rain
651,Rjukan,NO,59.8789,8.5941,50.45,94,100,3.44,light rain
652,Shenjiamen,CN,29.9576,122.298,64.31,92,100,7.87,overcast clouds
653,Buraydah,SA,26.326,43.975,84.65,17,0,10.78,clear sky
654,Aklavik,CA,68.2191,-135.0107,46.04,74,89,10.51,overcast clouds
655,Wajima,JP,37.4,136.9,68.68,59,0,4.61,clear sky
656,Dayong,CN,25.0209,118.2898,76.24,80,98,3.29,overcast clouds
657,Tilichiki,RU,60.4667,166.1,38.7,86,100,4.34,overcast clouds
658,Dali,CN,25.7,100.1833,66.25,70,66,1.43,broken clouds
659,Omboue,GA,-1.5746,9.2618,75.63,90,100,5.01,overcast clouds
660,Liverpool,GB,53.4106,-2.9779,55.81,79,40,13.8,scattered clouds
661,Danilovka,RU,50.3557,44.1168,37.17,78,0,6.73,clear sky
662,Tagusao,PH,9.1924,117.8141,84.54,70,100,1.81,overcast clouds
663,Bontang,ID,0.1333,117.5,78.4,90,100,6.24,overcast clouds
664,Elayirampannai,IN,9.2667,77.8333,79.9,70,34,13.29,scattered clouds
665,Mashhad,IR,36.297,59.6062,64.54,59,0,6.91,clear sky
666,Anloga,GH,5.7947,0.8973,81.37,80,100,11.12,light rain
667,Almaznyy,RU,48.0448,40.045,49.98,93,100,2.46,overcast clouds
668,Camacha,PT,33.0833,-16.3333,62.02,77,20,9.22,few clouds
669,Hervey Bay,AU,-25.2986,152.8535,66.02,96,100,5.01,light rain
670,Harihar,IN,14.5167,75.8,69.69,93,100,8.68,overcast clouds
671,Havoysund,NO,70.9963,24.6622,41.23,91,100,9.35,overcast clouds
672,Paita,PE,-5.0892,-81.1144,66.97,81,22,12.44,few clouds
673,Qaqortoq,GL,60.7167,-46.0333,37.94,81,9,2.75,clear sky
674,Dongying,CN,37.4564,118.4856,83.05,27,0,11.5,clear sky
675,Chiang Klang,TH,19.2938,100.8617,77.27,96,98,1.23,overcast clouds
676,Kirakira,SB,-10.4544,161.9205,84.4,71,55,5.75,broken clouds
677,Bilma,NE,18.6853,12.9164,88.0,14,95,17.81,overcast clouds
678,Moosomin,CA,50.1333,-101.6677,36.32,85,100,12.28,overcast clouds
679,Duldurga,RU,50.6761,113.5931,65.8,23,32,1.45,scattered clouds
680,Itarema,BR,-2.9248,-39.9167,76.87,86,67,4.9,broken clouds
681,Edson,CA,53.5835,-116.4356,48.34,34,100,9.22,overcast clouds
682,Kirovskiy,RU,45.0917,133.5136,71.55,45,100,7.58,overcast clouds
683,Tocopilla,CL,-22.092,-70.1979,65.43,69,91,3.51,overcast clouds
684,Cordoba,AR,-31.4135,-64.1811,62.19,56,0,6.91,clear sky
685,Sibiti,CG,-3.6819,13.3499,68.27,99,100,1.88,overcast clouds
686,Borogontsy,RU,62.6683,131.1683,49.48,64,99,4.21,overcast clouds
687,Roald,NO,62.5833,6.1333,54.16,100,100,5.75,fog
688,Velikiy Novgorod,RU,58.5167,31.2833,37.92,70,74,6.29,broken clouds
689,Ishikari,JP,43.2397,141.3539,69.26,64,75,16.11,broken clouds
690,Kasongo-Lunda,CD,-6.4667,16.8167,70.47,84,100,1.32,overcast clouds
691,Kamaishi,JP,39.2667,141.8833,67.55,55,100,5.48,overcast clouds
692,Biak,ID,-0.9131,122.8766,79.0,83,97,8.12,overcast clouds
693,Senanga,ZM,-16.1167,23.2667,61.43,52,33,4.41,scattered clouds
694,Iroquois Falls,CA,48.7669,-80.6831,53.87,90,100,11.9,moderate rain
695,Pafos,CY,34.7667,32.4167,65.23,72,0,2.3,clear sky
696,Plettenberg Bay,ZA,-34.0527,23.3716,55.67,81,80,6.98,broken clouds
697,Vytegra,RU,61.0064,36.4481,32.76,76,100,1.66,overcast clouds
698,Chissamba,AO,-12.1667,17.3333,58.14,66,2,3.87,clear sky
699,Chumikan,RU,54.7183,135.315,33.31,99,100,9.26,light snow
700,Neyvo-Shaytanskiy,RU,57.7286,61.2496,39.25,71,100,4.97,overcast clouds
701,Potiskum,NG,11.7091,11.0694,86.45,21,97,5.48,overcast clouds
702,Strezhevoy,RU,60.7333,77.5889,43.74,74,99,15.61,overcast clouds
